move dev-ml/ocaml-pcap dev-ml/pcap-format
move dev-ml/ocaml-conduit dev-ml/conduit
move dev-ml/ocaml-cstruct dev-ml/cstruct
move dev-ml/ocaml-cohttp dev-ml/cohttp
move dev-ml/ocaml-websocket dev-ml/websocket
move dev-ml/ocaml-uri dev-ml/uri
move dev-ml/capnp-ocaml dev-ml/capnp
move dev-ml/ocaml-sqlite3 dev-ml/sqlite3
move dev-ml/pcre-ocaml dev-ml/pcre
move dev-ml/postgresql-ocaml dev-ml/postgresql
move dev-ml/onanomsg dev-ml/nanomsg
move dev-ml/ocaml-ipaddr dev-ml/ipaddr
